,mean_redshift,mean_xray_flux,mean_optical_mag,size
Cluster_0,-0.6008173562028655,0.7761103382085948,-1.4188665761901387,61.0
Cluster_1,0.17212556848938945,-0.27296186369164294,1.003642609663329,103.0
Cluster_2,0.15508955060629204,-0.1576037595941398,-0.13790432498135144,122.0
