mean_z,median_z,std_z,z_range_min,z_range_max
-2.0962252912502956e-16,-0.1776188181148291,1.0017528497238353,-1.8935369811078109,3.9881410994191246
