,mean_hardness,median_hardness,mean_opt_xray,median_opt_xray
0,0.8326115526700011,0.841943700075884,790279335639058.1,524766344126145.7
